123 pièces de rechange,'https://www.123piecesderechange.fr/'
100000volts,'http://www.100000volts.com/'
123elec,'http://www.123elec.com/'
123,'http://www.1-2-3.fr/'
1001 lits,'http://www.1001lits.com/'
1001 pneus,'http://www.1001pneus.fr/'
1001pharmacies,'http://www.1001pharmacies.com/'
11Footballclub,'http://www.11footballclub.com/'
123fleurs,'https://www.123fleurs.com/'
24man,'https://www.amazon.fr/24Man-Amfa4000-Anticalcaire-Anti-calcaire-Conditionneur/dp/B00YKVKLZE'
123pneus,'http://www.123pneus.fr/'
1and1,'https://www.1and1.fr/'
21run,'https://www.21run.com/fr/'
365tickets,'http://www.365tickets.fr/'
2C Equipements,'http://www.2cequipements.fr/'
3 Suisses,'http://www.3suisses.fr/'
3D Coiffure extensions,'https://www.3d-extensions-cheveux.com/'
AB Croisiere,'http://www.abcroisiere.com/'
A qui S,'https://www.a-qui-s.fr/'
Abonnement Café,'http://www.abonnement-cafe.com/'
Abercrombie,'https://fr-eu.abercrombie.com/'
Aboutbatteries,'http://www.aboutbatteries.com/'
Abix,'http://www.abix.fr/'
Abritel,'https://www.abritel.fr/'
Accessorize,'http://fr.accessorize.com/'
Achatdesign,'http://www.achatdesign.com/'
Accor hotels,'http://www.accorhotels.com/fr/france/index.shtml'
Activinstinct,'https://www.activinstinct.fr/'
Adidas,'http://www.adidas.fr/'
Acycles,'http://www.acycles.fr/'
Adrenagliss,'http://www.adrenagliss.com/'
Aerosus,'https://aerosus.fr/'
Afflelou store,'https://www.alainafflelou.fr/affleloustore-lunettes-lentilles.html'
Afibel,'https://www.afibel.fr/'
Afnor,'http://www.afnor.fr/'
Agatha,'http://www.agatha.fr/'
Agent provocateur,'http://www.agentprovocateur.com/'
Agencedevoyage,'http://www.agencedevoyage.com/'
Agoda,'https://www.agoda.com/fr-fr'
Agnes B.,'http://www.agnesb.fr/'
Air Canada,'https://www.aircanada.com/'
Air Transat,'http://www.airtransat.com/'
Air France,'http://www.airfrance.fr/cgi-bin/AF/FR/fr/common/home/vols/billet-avion.do'
Alensa,'https://www.alensa.fr/'
Airbnb,'https://www.airbnb.fr/'
Alexandre Turpault,'http://www.alexandre-turpault.com/'
Albelli,'https://www.albelli.fr/'
Alexis Robert,'http://www.alexis-robert-bricolage.com/'
Aliexpress,'https://fr.aliexpress.com/'
Alinéa,'http://alinapayne.com/'
Alice Garden,'http://www.alicesgarden.fr/'
Allo Télécommande,'https://www.allotelecommande.com/'
Alittlemercerie,'https://www.alittlemercerie.com/'
Allobébé,'http://www.hellocoton.fr/c-est-les-soldes-d-automne-chez-alloba-ba-9944724'
All nautic,'http://www.all-nautic.com/'
AllPosters,'http://www.allposters.fr/'
Allopneus,'http://www.allopneus.com/'
Alloresto,'https://www.alloresto.fr/'
AllSecur,'https://www.allsecur.fr/'
Allsaints,'https://fr.allsaints.com/'
Almacar,'http://www.almacar.fr/'
Alpiniste.fr,'https://www.alpiniste.fr/'
Alltricks,'http://www.alltricks.fr/'
Alsace LED,'https://www.alsaceled.com/'
Alta cuir,'http://www.alta-cuir.com/'
Amazon,'https://www.amazon.fr/'
Alternate,'https://www.alternate.fr/'
Ambiance Sticker,'http://www.ambiance-sticker.com/'
Amen,'http://www.amen.fr/'
Amikado,'http://www.amikado.com/'
Ampoule Pas Cher,'https://www.ampoulepascher.fr/'
Amoma,'https://www.amoma.com/'
Animo Shop,'http://www.animo-shop.com/'
Anytime,'https://www.anyti.me/'
André,'http://www.andra.fr/'
Apiculture.net,'http://www.apiculture.net/'
Apowersoft,'http://www.apowersoft.fr/'
Appartager,'http://www.appartager.com/'
Appartcity,'https://www.appartcity.com/'
APRR télé-péage,'http://espaceclient.aprr.fr/faq/Pages/QuestionReponse.aspx?question=1731'
Apple,'http://www.apple.com/fr/'
Aramis Auto,'https://www.aramisauto.com/'
Aquarelle,'https://www.aquarelle.com/'
Armurerie Auxerre,'http://www.armurerie-auxerre.com/'
Aroflora,'http://www.aroflora.com/'
Arredatutto,'http://www.arredatutto.com/fr/'
Aroma Zone,'http://www.aroma-zone.com/'
Art.fr,'http://www.art.fr/'
Arthur,'https://fr.wikipedia.org/wiki/Arthur_(animateur)'
Art & toys,'http://www.artoyz.com/'
Asia Marché,'http://www.asiamarche.fr/'
Asics,'http://www.asics.com/fr/fr-fr/'
Artistoon,'https://www.artistoon.com/'
ASMC,'https://www.asmc.fr/'
Asos,'http://www.asos.fr/'
ASO Challenges,'https://www.asochallenges.com/'
Astotel,'http://www.astotel.com/'
Asus,'https://www.asus.com/fr/'
Atelier du chocolat,'http://www.atelierduchocolat.fr/'
Atelier Gabrielle Seillance,'https://www.ateliergs.fr/'
Athena,'https://fr.wikipedia.org/wiki/Ath%C3%A9na'
Atelier privé,'http://www.atelierprive.com/'
Athlete Shop,'https://www.athleteshop.fr/'
Atoodog,'http://www.atoodog.fr/'
Atlas for men,'http://www.atoodog.fr/'
Atylia,'https://www.atylia.com/'
Auchan,'https://www.auchan.fr/'
Aubert,'http://www.aubert.com/'
Auchan Direct,'https://www.auchandirect.fr/'
Auchan drive,'http://www.auchandrive.fr/'
Audible,'http://www.audible.fr/'
Austrian Airlines,'http://www.austrian.com/fr_fr/'
Auna,'http://www.auna.fr/'
Auto Europe,'http://www.autoeurope.fr/'
Autoescape,'http://www.autoescape.com/'
Autoradio24,'http://autoradio24.fr/'
Avenue des Spécialistes,'http://musique.ados.fr/Alain-Chamfort/Les-Spa-Cialistes-Avec-April-March-t175062.html'
Avenue des vins,'http://www.avenuedesvins.fr/'
Avenue Nautique,'http://www.avenuenautique.com/'
Avi,'https://fr.wikipedia.org/wiki/Audio_Video_Interleave'
Avenue Privée,'https://www.avenue-privee.com/'
Avis,'https://www.avis.fr/'
Avril,'http://www.avril-beaute.fr/'
Avosdim,'https://avosdim.com/'
Axa Schengen,'https://www.axa-schengen.com/fr'
Axa assistance assurance voyage,'https://www.axa.fr/assurance-voyage/assurance-voyage-en-ligne.html'
B&B,'http://www.hotel-bb.com/'
B&S privilèges,'https://www.yumpu.com/fr/document/view/9698700/alsatia-munita-societe-pour-la-conservation-des-monuments-/43'
B&You,'http://www.bouyguestelecom.fr/forfaits-mobiles/forfaits-sans-engagement'
Ba&sh,'https://ba-sh.com/fr/fr/'
Babyplante,'http://www.babyplante.fr/'
Babylux,'http://www.baby-lux.com/'
Baghera,'https://www.baghera.fr/'
Back market,'https://www.backmarket.fr/'
Balaboosté,'http://siterank.me/category/balaboost%C3%83%C2%A9'
Bakker,'https://www.bakker.com/fr-fr'
Balibaris,'http://www.balibaris.com/'
Balinea,'http://www.agoda.com/Seminyak/Deals/'
Balsamik,'http://www.balsamik.fr/'
Banggood,'http://www.banggood.com/fr/'
Baltimoda,'https://www.baltimoda.com/'
Balluchon,'http://www.balluchon.fr/'
Bankin,'https://bankin.com/fr/'
Barcelo,'https://www.barcelo.com/'
BarPremium,'http://www.barpremium.com/'
BareMinerals,'https://www.bareminerals.fr/'
Batteries online,'https://www.batteries-online.fr/'
Bax shop,'http://www.bax-shop.fr/'
Batiwiz,'https://www.batiwiz.com/'
Bazar Avenue,'https://www.bazaravenue.com/'
Beaute privee,'https://www.beauteprivee.fr/'
BD Fugue,'http://www.bdfugue.com/'
Beautiful Box,'https://www.beautiful-box.com/'
Beauty Success,'https://www.beautysuccess.fr/'
Bébé 9,'http://www.bebe9.com/'
Bébé confort,'http://www.cdiscount.com/pret-a-porter/bebe-puericulture/marques-bebe/bebe-confort/v-113174032-113174032.html'
Bebitus,'http://bebitus.fr/'
ébé boutik,'http://www.lilinappy.fr/?gclid=CMv_qJjqh9ACFQIW0wodS8AEXg'
Bébé gavroche,'http://www.bebegavroche.com/'
Bebloom,'http://www.bebloom.com/'
Becquet,'http://www.becquet.fr/'
Beetle Design,'https://www.beetledesign.fr/entreprise/'
Beertender,'https://www.beertender.fr/'
Beezee,'http://www.beezeeecokid.com/'
Bellewaerde,'http://www.bellewaerde.be/fr'
Bein Sport Connect,'https://beinsportsconnect.fr/'
Bernard Forever,'https://bernardforever.fr/'
Bergamotte,'https://www.bergamotte.com/'
Bershka,'http://www.bershka.com/fr/'
Best Western,'http://www.bestwestern.fr/'
Bestseller,'http://shop.bestseller.com/fr/fr/home'
Betclic,'https://www.betclic.fr/'
BGA Vêtements,'https://www.bga-vetements.fr/'
Bexley,'http://www.bexley.fr/Bexley/chaussure-FR.htm'
Betrousse,'http://www.betrousse.com/'
BforBank,'https://www.bforbank.com/'
Bibelib,'http://www.bibelib.com/'
BienManger,'http://www.bienmanger.com/'
Bien et bio,'https://www.bien-et-bio.com/'
Big Moustache,'http://www.bigmoustache.com/'
Bikeinn,'https://www.bikeinn.com/cyclisme'
Billet Doux,'http://www.billetdoux.com/'
Bijoulia,'https://www.bijoulia.fr/'
Bimago,'http://www.bimago.fr/'
Billeterie FFF,'https://billetterie.fff.fr/'
Binck,'https://www.binck.fr/'
Binocle Eyewear,'http://www.binocle.club/'
Bing Ads,'https://bingads.microsoft.com/'
Bioticas,'http://bioticas.com/'
Bio et Glamour,'http://www.bioetglamour.com/'
Bipandgo,'https://www.bipandgo.com/'
Birchbox,'https://birchbox.fr/'
Biscuiterie La mère poulard,'http://www.biscuiterie-mere-poulard.com/'
Birkenstock,'http://www.birkenstock-france.com/'
Biuky,'http://www.biuky.fr/'
Bizzbee,'http://www.bizzbee.com/'
Blablacar,'https://www.blablacar.fr/'
Blanc d'Ivoire,'http://www.blancdivoire.com/'
Blanc Cerise,'http://www.blanc-cerise.com/'
Blanche porte,'http://www.blancheporte.fr/'
Blanc et or,'http://www.bijouterie-blanc-et-or.com/'
Bleu Bonheur,'https://www.bleu-bonheur.fr/'
Blue Pearls,'http://www.bluepearls.fr/'
Bleu Libellule,'http://www.bleulibellule.com/'
Blue Tomato,'https://www.blue-tomato.com/fr-FR/'
BLZ Jeans,'http://blzjeans.com/'
BnBsitter,'https://fr.bnbsitter.com/'
Bobshop,'http://www.bobshop.com/fr/home/'
Bocage,'http://www.bocage.fr/'
Boden,'http://www.boden.fr/'
Bodybébé,'http://body.ba/'
Bodyskult,'http://www.bodyskult.com/'
Bodytime,'https://www.youtube.com/user/bodytimeXpress'
Bon prix,'http://www.bonprix.fr/'
Bokkob,'https://www.bokkob.com/maintenance/maintenance.html'
Bonnyprints,'https://www.bonnyprints.fr/'
Bons Pneus,'http://www.bonspneus.fr/'
Boohoo,'http://fr.boohoo.com/'
Bonobo,'http://www.bonoboplanet.com/'
Bordas soutien scolaire,'http://soutien.editions-bordas.fr/'
Bose,'https://www.bose.fr/'
Booking,'http://www.booking.com/index.fr.html'
Botty,'http://www.botty.fr/'
Botanic,'https://www.botanic.com/'
Boulanger,'http://www.boulanger.com/'
Boutikenvogue,'https://www.boutikenvogue.com/'
Boutique des Tendances,'https://www.placedestendances.com/fr/fr'
Boutique FFF,'http://boutique.fff.fr/'
Boutique OL,'http://boutique.olweb.fr/'
Boutique OM,'http://boutique.om.net/'
Boutique La Poste,'https://boutique.laposte.fr/'
Boutique PSG,'http://www.boutiquepsg.fr/'
Boutique Tour de France,'http://boutique.letour.fr/'
Boutique Roland Garros,'http://www.rolandgarros.com/fr_FR/content/shop/lunivers_de_marque.html'
Bouygues Télécom,'https://www.bouyguestelecom.fr/'
Box Evidence,'https://box-evidence.com/'
Bréal,'http://www.albra.it/'
BrandAlley,'https://www.brandalley.fr/'
Brico Dépôt,'http://www.bricodepot.fr/'
Brice,'http://www.brice.fr/'
Brico privé,'http://www.bricoprive.com/'
Bricoflor,'https://www.bricoflor.fr/'
Bridjet,'https://www.bridjet.com/'
Bricorama,'http://www.bricorama.fr/'
Brindilles,'http://www.brindilles.fr/'
Brocantelab,'https://www.brocantelab.com/'
Brioche Dorée,'http://www.briochedoree.fr/'
Brouwland,'https://www.brouwland.com/fr'
Bruneau,'http://www.bruneau.fr/'
Brussels Airlines,'https://www.brusselsairlines.com/fr-fr/'
BudoFight,'http://www.budo-fight.com/'
Buff,'http://www.buff.eu/fr_fr/'
BSP Auto,'http://www.bsp-auto.com/'
Bureau Veritas Pro,'http://pro.bureauveritas.fr/'
Bulk Powders,'http://www.bulkpowders.fr/'
Burger King,'https://www.burgerking.fr/'
Burton,'http://www.burton.fr/'
But,'http://www.but.fr/'
Buyspares,'http://www.buyspares.fr/'
C&A,'http://www.c-and-a.com/fr/fr/shop/index.html'
Bys maquillage,'http://www.bysmaquillage.fr/'
Cadeau Malin,'http://www.cadeaumalin.fr/'
Cache Cache,'http://www.cache-cache.fr/'
Cadeaux Folies,'https://www.cadeauxfolies.fr/'
Cafés Meo,'http://www.meo.fr/'
Calcea,'http://www.calcea.fr/'
Cadeaux.com,'http://www.cadeaux.com/'
Camaieu,'http://www.camaieu.fr/'
Calibag,'http://www.calibag.com/'
Campanile,'http://www.campanile.com/'
Camaloon,'https://camaloon.fr/'
Camif,'http://www.camif.fr/'
Canal plus,'http://www.canalplus.fr/'
Camper,'https://www.camper.com/fr_FR'
Camping and co,'http://fr.camping-and-co.com/'
Canon,'http://www.canon.fr/'
Canapé Inn,'http://www.canape-inn.com/'
Captain Language,'https://fr.captain-language.com/'
Cap vacances,'http://www.capvacances.fr/'
Capfun by FranceLoc,'https://www.capfun.com/'
Carigami,'https://www.carigami.fr/'
Cardy,'http://www.cardy.fr/'
Carethy,'http://www.carethy.fr/'
Carla Bikini,'https://www.carla-bikini.com/'
Carnet de mode,'http://fr.carnetdemode.com/?sl=fr'
Carnet de vol,'http://www.boutique.carnetdevol.com/'
Caroll,'http://www.caroll.com/'
Carrefour drive,'http://courses.carrefour.fr/'
Carre d’artistes,'http://www.carredartistes.com/fr/'
Carré de Bœuf,'https://www.tripadvisor.fr/Restaurants-g2043775-Province_of_Massa_Carrara_Tuscany.html'
Carte Grise En Ligne,'https://www.cartegrise-enligne.com/'
Cartegrise.com,'http://www.cartegrise.com/'
Cartouche Club,'http://www.cartoucheclub.com/'
Casal Hand,'http://www.casal-handball.com/'
Casal Running,'http://www.casal-running.com/'
Casino Cafétéria,'http://www.casino-cafeteria.fr/'
Casino Drive,'http://www.casinodrive.fr/'
Castorama,'http://www.castorama.fr/'
Caudalie,'http://fr.caudalie.com/'
Catimini,'https://www.catimini.com/'
Caviar de Neuvic,'http://www.caviar-de-neuvic.com/'
Cdiscount,'http://www.cdiscount.com/'
Cellublue,'https://www.cellublue.com/'
Cenpac,'http://www.cenpac.fr/'
Center Parcs,'http://www.centerparcs.fr/fr-fr'
Cémonjardin,'http://espacepourlavie.ca/mon-jardin'
Celio,'http://www.celio.com/'
Centara Hôtels & Resorts,'http://www.centarahotelsresorts.com/'
Central Sono,'http://www.centralsono.com/'
Centrale Brico,'http://www.centrale-brico.com/'
Cervin Paris,'https://www.cervin-store.com/fr/'
Cham3S,'http://www.cham3s.com/'
Chain Reaction Cycles,'http://www.chainreactioncycles.com/fr/fr'
Charles tyrwhitt,'http://www.ctshirts.com/uk'
Chais d'oeuvre,'https://www.chaisdoeuvre.fr/'
Chapeaushop,'http://www.chapeaushop.fr/'
Champagne jeeper,'http://www.champagne-jeeper.com/'
Chauffeur privé,'http://www.chauffeur-prive.com/'
Chaussexpo,'http://www.chaussexpo.fr/'
Chaussea,'https://www.chaussea.com/'
Chausport,'http://www.chausport.com/'
Chef Cuisine,'https://www.chefcuisine.com/'
Chaussures Homme,'https://www.zalando.fr/chaussures-homme/'
Cheerz,'https://www.cheerz.com/fr'
Chemise Homme,'https://www.zalando.fr/chemises-homme/'
Chervo,'https://www.chervo.com/FR/'
Cheveux beauté,'http://www.cheveuxbeaute.com/'
Chevignon,'http://www.chevignon.com/'
Chicplace,'http://www.chicplace.com/fr'
Choies,'http://www.choies.com/'
Christine Le Duc,'http://www.christineleduc.fr/'
Chictypes,'http://chictypes.com/'
Chouette Box,'http://www.chouettebox.com/'
Chronodrive,'http://www.chronodrive.com/'
Chronopost,'http://www.chronopost.fr/'
Claire's,'http://www.claires.fr/'
Citadium,'http://www.citadium.com/'
Clarisonic,'http://www.clarisonic.fr/'
Citadines,'http://www.citadines.com/fr/index.html'
CitizenM,'https://fr.citizenm.com/'
Clarks,'http://www.clarks.fr/'
Claudie Pierlot,'http://fr.claudiepierlot.com/'
Cleanio,'https://getcleanio.com/'
Clef en ligne,'https://www.clef-en-ligne.com/'
Cleor,'http://www.cleor.com/'
Clinique,'https://www.fr.clinique.com/'
Clopinette,'http://www.clopinette.com/fr/'
Click & Boat,'https://www.clickandboat.com/'
Cluse,'https://www.clickandboat.com/'
Coffee Webstore,'http://www.coffee-webstore.com/'
Codes-avantage.fr,'https://www.codes-avantage.fr/'
CoachClub,'http://www.coachclub.com/'
Colette,'http://www.colette.fr/?___store=fr&___from_store=fr'
Collishop,'https://www.collishop.be/e/fr/cs'
Combelle,'http://combelle.com/'
Columbia,'http://www.columbiasportswear.fr/'
Comforium,'https://www.comforium.com/'
Comptoir des Cotonniers,'http://www.comptoirdescotonniers.com/'
Compléments et Protéines,'https://leblogmincir.wordpress.com/2011/02/21/pourquoi-les-aliments-riches-en-prota%C2%A9ines-sont-importants-pour-votre-corps/'
Compactor,'http://www.compactor.fr/'
Comptoir du Caviar,'https://www.comptoirducaviar.com/'
Conforama,'http://www.conforama.fr/'
Comptoir Santé,'http://www.comptoirsante.com/'
Concept Usine,'https://www.concept-usine.com/'
Conrad,'http://www.conrad.fr/ce/'
Confort Auto,'https://www.confortauto.fr/'
Comptoirs Richard,'http://www.comptoirsrichard.fr/'
Convention.fr,'http://www.convention.fr/'
Converse,'http://www.converse.com/fr'
Cookishop,'https://www.cookishop.com/'
Cook and chef,'http://www.cook-and-chef.com/'
Cool Cadeau,'http://www.coolcadeau.fr/'
Corendon,'https://fr.corendon.be/'
Coquéo,'https://fr-fr.facebook.com/coqua.treviglio/'
Corine de Farme,'http://www.corinedefarme.fr/'
Corolle,'http://www.corolle.com/'
Côté Lumière,'http://www.cote-lumiere.com/'
Cospara,'http://cospara.fr/'
Courir,'http://www.courir.com/'
Côtécosy,'http://www.cotecosy.com/'
Coup de coeur design,'http://www.coupdecoeur-design.fr/'
Courses U,'http://www.coursesu.com/'
Courtepaille,'http://www.courtepaille.com/'
Couteaux du chef,'http://www.couteauxduchef.com/'
Coyote,'https://www.moncoyote.com/'
Craftine,'http://www.craftine.com/'
CroquetteLand,'https://www.croquetteland.com/'
Crocs,'http://www.crocs.fr/'
Crucial,'http://www.crucial.fr/'
Cultfurniture,'http://www.cultfurniture.fr/'
Cultura,'http://www.cultura.com/'
Cycles et sports,'http://www.cyclesetsports.com/'
Cyrillus,'http://www.cyrillus.fr/'
D.Plantes,'https://www.dplantes.com/'
D.Franklin,'https://www.dfranklincreation.com/fr/'
D5 Avenue,'https://www.d5avenue.fr/'
Dafy moto,'http://www.dafy-moto.com/'
Dakota Box,'http://www.dakotabox.fr/'
Damart Sport,'http://www.damartsport.com/'
Daniel Wellington,'https://www.danielwellington.com/fr/'
Damon,'https://www.damon.fr/'
Dandybox,'http://dandybox.com/'
Darphin,'http://www.darphin.fr/'
Darjeeling,'https://www.darjeeling.fr/'
Darty,'http://www.darty.com/'
Daxon,'http://www.daxon.fr/'
DC Shoes,'http://www.dcshoes.fr/'
Debenhams,'http://www.debenhams.com/'
DealeXtreme,'http://www.dx.com/fr/'
Debonix,'http://www.debonix.fr/'
Decantalo,'https://www.decantalo.com/fr/'
Decathlon,'https://www.decathlon.fr/'
Decitre,'http://www.decitre.fr/'
DeclikDeco,'https://www.declikdeco.com/'
Decoclico,'http://www.decoclico.fr/'
Decoloopio,'http://www.decoloopio.com/'
DecoBB,'http://www.decobb.com/'
Deeluxe 74,'http://www.deeluxe.fr/'
Defshop,'https://www.def-shop.fr/'
Deezer,'https://www.deezer.com/fr/'
Degriffstock,'http://www.degriffstock.com/'
Déguiz fêtes,'http://www.deguiz-fetes.fr/'
Degustabox,'https://www.degustabox.com/fr/'
Delamaison,'http://www.delamaison.fr/'
Deliveroo,'https://deliveroo.fr/'
Dell,'http://www.dell.fr/'
Derly,'http://www.derly.fr/'
Designer Box,'https://www.designerbox.com/'
Des marques et vous,'https://www.des-marques-et-vous.com/'
Design your home,'http://www.homestyler.com/designer'
Desigual,'http://www.desigual.com/fr_FR'
Dezzal,'http://www.dezzal.com/'
Dezign,'http://www.dezign.fr/'
Devred,'http://www.devred.com/'
DHL,'http://www.dhl.fr/'
Dietanat,'https://www.dietanat.com/'
Diesel,'http://shop.diesel.com/'
Difrax,'https://fr-fr.difrax.com/'
Digitick,'https://www.digitick.com/'
Dimipro,'http://www.dimipro.com/'
Digixo,'http://www.digixo.com/'
Direct Assurance,'http://www.direct-assurance.fr/'
Direct Fournitures,'http://www.direct-fournitures.fr/'
Direct Energie,'http://www.direct-energie.com/'
Dim,'http://www.dim.fr/'
Discount pneus,'http://www.discount-pneus.com/'
Discount friends,'http://www.columbia.com/friends'
Discovery Channel Store,'http://store.discovery.com/'
Disney Store,'http://www.disneystore.fr/'
Disneyland Paris,'http://www.disneylandparis.fr/'
DMC,'http://www.dmc.fr/'
dmLights,'https://www.dmlights.fr/'
Doctipharma,'http://www.doctipharma.fr/'
Dodo,'http://www.dodo.fr/'
Dogbuddy,'https://fr.dogbuddy.com/'
DressLily,'http://www.dresslily.com/'
Dresslink,'http://fr.dresslink.com/'
Dolce Gusto,'https://www.dolce-gusto.fr/'
Domino's pizza,'https://pizza.dominos.fr/'
Driftshop,'http://www.driftshop.fr/'
Drivy,'https://www.drivy.com/'
Drouault,'http://www.drouault.net/'
Duplica Print,'http://www.duplicaprint.com/'
Ducs de Gascogne,'http://www.ducsdegascogne.com/'
Duracell Direct,'http://www.duracelldirect.fr/'
East dane,'https://www.eastdane.com/'
Durance,'https://www.durance.fr/'
E.Leclerc,'http://e.leclerc/'
Easy Ballon,'http://www.easy-ballon.com/'
Easy Radiateur,'https://www.easy-radiateur.com/'
EasyJet Holidays,'http://www.easyjet.com/fr/vacances/'
Easyjet,'http://www.easyjet.com/fr'
Easyflyer,'http://www.easyflyer.fr/'
eBay,'http://www.ebay.fr/'
Easylunettes,'http://www.easylunettes.fr/'
Easyparapharmacie,'https://www.easyparapharmacie.com/'
Eat your box,'http://laboxdumois.fr/box/eat-your-box.html'
Ebookers,'https://www.ebookers.fr/'
Ecologie Shop,'http://www.ecologie-shop.com/'
Ecigplanete,'https://www.ecigplanete.com/'
Ecotour,'http://www.ecotour.com/'
eDarling,'https://www.edarling.fr/'
Eden deco,'http://www.eden-deco.fr/'
Eden park,'http://www.eden-park.fr/'
Edenly,'http://www.edenly.com/'
eDreams,'http://www.edreams.fr/'
Edisac,'http://www.edisac.com/'
Efamous,'http://www.efamous.fr/'
eGlobal Central,'http://www.eglobalcentral.fr/'
Eider,'https://www.eider.com/'
Ekobutiks,'http://www.ekobutiks.com/'
Electro dépôt,'http://www.electrodepot.fr/'
Ekosport,'https://www.ekosport.fr/'
El Rancho,'http://www.elrancho.fr/'
Electromust,'http://www.electromust.com/'
Electronic star,'http://www.electronic-star.fr/'
Electrosigma,'http://www.electrosigma.com/'
Element,'http://www.elementbrand.com/'
Electroprivé,'http://www.electroprive.com/'
Eleven Paris,'http://www.elevenparis.com/'
Elf,'http://www.eyeslipsface.fr/'
Elfi Santa,'http://www.elfisanta.fr/'
Eminence,'https://www.eminence.fr/'
Embaleo,'https://www.embaleo.com/'
Eminza,'http://www.eminza.com/'
Emirates,'http://www.emirates.com/fr/french/'
Emma Chloé,'http://www.emma-chloe.com/'
EMP Online,'http://www.emp-online.fr/'
Emob,'http://www.emob.eu/fr/'
Engie,'https://particuliers.engie.fr/login-page.html'
Energy LED,'http://www.energy-led.com/'
Eni,'http://fr.eni.com/'
Eplaque,'http://www.eplaque.fr/'
Epopia,'https://www.epopia.com/'
Enterprise Rent a car,'https://www.enterprise.fr/fr/home.html'
Envie de Fraise,'http://www.enviedefraise.fr/'
Entrefleuristes,'http://www.entrefleuristes.com/'
Eram,'http://www.eram.fr/'
Esioox,'http://www.esioox.fr/'
ESL,'http://play.eslgaming.com/france'
Etam,'http://www.etam.com/'
Espace Foot,'http://www.espacefoot.fr/'
Essix,'http://essix-homecollection.com/'
Esprit,'http://www.esprit.fr/'
Etat pur,'https://www.etatpur.com/'
Esteban,'http://www.esteban.fr/'
Eterna,'http://eterna.com/fr/'
Etihad,'http://www.etihad.com/fr-fr'
Etikol,'https://www.etikol.com/'
Etre gourmand,'https://etregourmand.com/'
Eurekakids,'http://www.eurekakids.be/'
Eurolines,'http://www.eurolines.fr/'
Etsy,'https://www.etsy.com/fr/'
Europcar,'https://www.europcar.fr/'
Euroshopping,'http://www.euroshopping.fr/'
Eurostar,'http://www.eurostar.com/fr-fr'
Evasions Secretes,'https://www.evasionssecretes.fr/'
Eve Matelas,'https://www.evematelas.fr/matelas'
Everbuying,'http://www.everbuying.net/'
Evian Chez Vous,'http://www.evianchezvous.com/'
Excedence,'http://www.excedence.com/'
Expansys,'http://www.expansys.fr/'
Expedia,'https://www.expedia.fr/'
Expert Coiffure,'http://www.expert-coiffure.com/'
Eyeshop,'http://www.eyeshop.com/fr/'
Farfetch,'https://www.farfetch.com/fr/'
Fant'zi,'http://vdi.fantzi.com/'
Farmaline,'https://www.farmaline.be/pharmacie/'
Farnell Element14,'http://fr.farnell.com/'
Fasthotel,'http://www.fasthotel.com/'
Fashion Boulevard,'https://www.facebook.com/Fashion-Boulevard-133938313346962/'
Faubourg 54,'https://www.faubourg54.com/'
Fauvert Professionnel,'https://www.fauvertprofessionnel-boutique.fr/'
FDJ,'https://www.fdj.fr/'
FC Moto,'http://www.fc-moto.de/fr_FR'
Feelingbet,'https://feelingbet.fr/'
Feelunique,'http://fr.feelunique.com/'
Feu Vert,'https://www.feuvert.fr/'
FEM professionnel,'http://www.france-epilation-minceur.com/'
FilmoTV,'https://www.filmotv.fr/'
Finagaz,'http://www.finagaz.fr/'
Finsbury,'http://www.finsbury-shoes.com/'
Fioulreduc,'https://www.fioulreduc.com/'
Fitness Shopping,'http://www.fitness-shopping.fr/'
Fitnessboutique,'http://www.fitnessboutique.fr/'
Fleurance Nature,'http://www.fleurancenature.fr/beaute.html'
Fleurus presse,'https://www.fleuruspresse.com/'
Flixbus,'https://www.flixbus.fr/'
Flexilivre,'https://www.flexilivre.com/'
Flooz,'https://www.flooz.me/'
Florajet,'http://www.florajet.com/'
FloryDay,'http://www.floryday.com/fr/Robes-r9872/'
Floraqueen,'http://www.floraqueen.fr/'
Flunch,'https://www.flunch.fr/'
Florame,'https://fr.florame.com/'
Flyer.fr,'http://www.flyer.fr/'
Fly,'http://www.fly.fr/'
Fnac,'http://www.fnac.com/'
Fnac pro,'http://www.fnacpro.com/'
Fonq,'http://www.fonq.fr/'
Fnac Spectacles,'http://www.fnacspectacles.com/'
Foodora,'https://www.foodora.fr/'
Foodcheri,'https://www.foodcheri.com/'
Footcenter,'http://www.footcenter.fr/'
Forever 21,'http://www.forever21.com/'
Footlocker,'https://www.footlocker.fr/fr/page-d-accueil'
Footshop,'https://www.footshop.eu/fr/'
Fortuneo,'https://www.fortuneo.fr/'
Forum des sacs,'http://www.forum-des-sacs.fr/'
Fossil,'https://www.fossil.com/fr/fr.html'
Foto,'http://fr.foto.com/'
France loisirs,'http://www.franceloisirs.com/'
Françoise Saget,'https://www.francoisesaget.com/'
Free,'http://portail.free.fr/'
Fred,'https://www.fred.com/'
Freecab,'http://www.freecab.com/'
Freegun,'http://www.freegun.com/fr/'
French cocotte,'http://www.frenchcocotte.com/'
French Blossom,'https://www.frenchblossom.fr/'
French Connection,'https://www.frenchconnection.com/'
Frichti,'https://frichti.co/'
Frissons de plaisir,'http://www.lapresse.ca/sciences/decouvertes/201101/09/01-4358444-dou-viennent-les-frissons-de-plaisir-en-ecoutant-de-la-musique.php'
Frizbiz,'https://www.frizbiz.com/fr'
G-Star,'https://www.g-star.com/fr_fr'
Fruit Rouge,'http://www.fruitrouge.com/'
Gaastra,'https://www.gaastraproshop.com/fr-fr/'
Futuroscope,'https://www.futuroscope.com/'
Gant,'http://fr.gant.com/'
Galeries Lafayette,'http://www.galerieslafayette.com/'
GAP,'http://www.gap.com/'
Garnier thiebaut,'http://www.garnier-thiebaut.fr/'
Gastromastro,'http://www.materielpizzadirect.com/'
Gemo,'https://www.gemo.fr/'
Gearbest,'http://www.gearbest.com/'
Gaumont Pathé,'http://www.cinemasgaumontpathe.com/'
Gedenim,'http://gedenim.com/'
Genybet,'https://www.genybet.fr/'
Gérer Seul,'http://blog.auto-selection.com/audi-voiture-garer-seule-14837/'
Geox,'http://www.geox.com/fr/home'
Get Your Guide,'https://www.getyourguide.fr/'
GIFI,'http://www.gifi.fr/'
Gibert Joseph,'https://www.gibertjoseph.com/'
Girls in Paris,'http://www.girlsinparis.com/'
Go sport,'http://www.go-sport.com/'
Gleeden,'https://fr.gleeden.com/'
Go Voyages,'http://www.govoyages.com/'
Glossybox,'http://www.glossybox.fr/'
Good Cut,'http://goodcut.fr/'
Godaddy,'https://fr.godaddy.com/'
Gorilla Sports,'https://www.gorillasports.fr/'
Gotogate,'http://www.gotogate.fr/'
Gourmesso,'https://www.gourmesso.fr/'
Gov Denim,'http://www.govdenim.com/'
Grain de malice,'http://www.graindemalice.fr/'
Grande Pharmacie de Paris,'http://www.grandepharmaciedeparis.com/'
Green is Better Cosmetics,'https://www.greenisbettercosmetics.com/'
GrosBill,'https://www.grosbill.com/'
Greenweez,'http://www.greenweez.com/'
Groupon,'https://www.groupon.fr/'
Gsell,'http://www.gsell.fr/'
GuesttoGuest,'https://www.guesttoguest.com/'
Guedo,'http://www.guedo-outillage.fr/'
Guess,'http://www.guess.com/'
Guitar Pro,'https://www.guitar-pro.com/fr/'
GSM55,'http://www.gsm55.com/'
Guitarshop,'http://www.guitarshop.fr/'
Gusti Cuir,'https://www.gusti-cuir.fr/'
Gula,'http://gula.fr/'
Gymlib,'https://www.gymlib.com/'
H&M,'http://www2.hm.com/fr_fr/index.html'
Habitat,'https://www.habitat.fr/'
Happ-e by ENGIE,'https://www.happ-e.fr/'
Hammel,'https://www.robinetterie-hammel.fr/'
Happy Destock,'http://www.happy-destock.com/'
Happycar,'https://www.happycar.fr/'
Happy Socks,'https://www.happysocks.com/fr/'
Hardloop,'http://www.hardloop.fr/'
Harman Audio,'http://www.harmanaudio.com/'
Harman kardon,'http://www.harmankardon.fr/'
Havas Voyages,'http://www.havas-voyages.fr/'
Hawaii Surf,'https://www.hawaiisurf.com/'
Hawkers,'https://www.hawkersco.com/'
Headict,'http://www.headict.com/'
Héliades,'http://www.mes-ventes-privees.com/vente-privee-showroomprive/soldes-evasion-a-santorin-ha%25a9liades/67D3E77CDDA1E718B4044CE60731D9E9'
Helline,'http://www.helline.fr/'
Helloprint,'https://www.helloprint.fr/'
Hello Bank,'https://www.hellobank.fr/'
Helpling,'https://www.helpling.fr/'
HEMA,'http://www.hema.fr/'
Hertz,'https://www.hertz.fr/'
Hesperide,'http://www.hesperide.com/'
Heyraud,'https://www.heyraud.fr/'
Hjh office,'https://www.hjh-office.fr/Par-fabricant/hjh-OFFICE/'
Hipanema,'http://www.hipanema.com/'
Histoire d'or,'http://www.histoiredor.com/'
Hogan,'http://www.hogan.com/fr_fr/'
Hoka One One,'http://www.hokaoneone.eu/'
Holiday Suites,'https://www.holidaysuites.be/fr/'
Hollister,'https://fr-eu.hollisterco.com/'
Home Boulevard,'http://www.home-boulevard.com/'
Homair,'http://www.homair.com/'
Home24,'http://www.home24.fr/'
HOM,'http://www.hom.com/fr/'
Homelidays,'http://www.homelidays.fr/'
HomeChefHome,'http://homechefhome.fr/'
HomeMaison,'http://www.homemaison.com/'
Hostel Bookers,'http://fr.hostelbookers.com/'
Hoppa,'https://www.hoppa.com/fr'
Hopmobile,'https://hopmobile.fr/'
Hotelopia,'http://www.hotelopia.fr/'
Hotel Tonight,'https://www.hoteltonight.com/fr/'
Hotels.com,'https://www.hotels.com/'
Hotelsclick,'https://www.hotelsclick.com/fr/'
HotelsCombined,'https://www.hotelscombined.fr/'
HotelTravel,'http://www.hoteltravel.com/fr/index.htm'
Houra,'https://www.houra.fr/'
Hp,'http://www8.hp.com/fr/fr/home.html'
Housetrip,'https://www.housetrip.fr/'
HSE Center,'http://www.hsecenter.fr/'
HRS,'http://www.hrs.com/fr/'
Hunkemoller,'https://www.hunkemoller.fr/fr_fr/'
Hypnotik,'http://www.elektrosystem.org/'
I Love Print,'http://www.iloveprint.fr/'
i-Run,'http://www.i-run.fr/'
Iacono,'http://www.iacono.fr/'
Iberia,'http://www.iberia.com/fr/'
Iberia Express,'https://www.iberiaexpress.com/fr'
Iberostar,'https://www.iberostar.com/fr/'
iCasque,'http://www.icasque.com/'
Idaca6,'http://www.idaca6.fr/'
iDcab,'https://idcab.sncf.com/'
Idano,'http://www.idano.fr/'
Idée cadeau,'http://www.ideecadeau.fr/'
iDGarages,'http://www.idgarages.com/'
IDTGV,'http://www.idtgv.com/'
Ifilhome,'http://www.ifilhome.com/'
IGN,'http://www.ign.fr/'
IHG,'https://www.ihg.com/'
Ilann five,'http://ilannfive.com/'
IKEA,'http://www.ikea.com/fr/fr/'
Ikks,'http://www.ikks.com/'
Imaginarium,'http://www.imaginarium.fr/'
Imajeans,'http://www.imajeans.fr/'
Infinie Passion,'http://www.infiniepassion.com/'
Inderwear                                                                                                                                                                                                          ,'https://www.inderwear.com/'
Info presse,'http://www.info-presse.fr/'
inkClub,'http://www.inkclub.com/fr/fr/'
Inmac Wstore,'http://www.inmac-wstore.com/'
Interdit Au Public,'http://www.interditaupublic.com/'
InsureandGo,'http://www.insureandgo.fr/'
Inter Hotel,'http://www.inter-hotel.com/'
Interflora,'http://www.interflora.fr/'
Intergard,'https://www.intergardshop.fr/'
Interhome,'http://www.interhome.fr/'
Intimissimi,'https://fr.intimissimi.com/'
Intersport,'http://www.intersport.fr/'
Ishoes,'http://www.ishoes.fr/'
iRobot,'https://www.irobot.fr/'
Issentiel,'http://www.issentiel.com/'
Isilines,'https://www.isilines.fr/'
Italia Designs,'http://www.italiadesigns.com/'
Itunes,'http://www.apple.com/fr/itunes/download/'
Izy Thalys,'https://www.izy.com/'
Ixtem moto,'https://ixtem-moto.com/'
J&Joy,'http://www.jn-joy.com/'
Jabra,'https://www.jabra.fr/'
Jacadi,'https://www.jacadi.fr/'
Jack and Jones,'http://www.jackjones.com/'
Jardidéco,'https://www.jollywallet.com/jollywallet/store/pid/802197/agreement/25?token=30C5145B-F316-5E27-FDD5-8BD4EA1590C9'
Jacqueline Riu,'https://www.jacquelineriu.fr/'
Javry,'https://javry.com/'
JBL,'https://fr.jbl.com/'
Jardindeco,'http://www.jardindeco.com/'
JD Sports,'https://www.jdsports.fr/'
JDG box,'http://www.jdgbox.com/'
Je m'Abonne,'https://www.jemabonne.fr/'
Jean Delatour,'http://www.jean-delatour.com/'
Jean Station,'http://www.jean-station.fr/'
Jeanstory,'http://www.jeanstory.com/en/'
Jennyfer,'http://www.jennyfer.com/'
Jewelcandle,'https://www.jewelcandle.fr/'
Jibtel,'https://fr.igraal.com/avis/Jibtel'
JOA Online,'https://joa-online.fr/'
JLM Box,'http://www.lejournaldelamaison.fr/le-journal-de-la-maison/nouveautes/tendances/la-jlm-box-deco-de-mars-devoile-ses-surprises-douces-et-magiques-49600.html'
JouéClub,'http://www.joueclub.fr/'
Jours Heureux,'http://www.joursheureux.fr/'
Journal de ma naissance,'https://www.journal-de-ma-naissance.fr/'
Jules,'http://www.jules.com/fr/index'
Julien d’Orcel,'https://www.juliendorcel.com/'
Jumia,'https://www.jumia.ma/'
Juniqe,'https://www.juniqe.fr/'
Juwelo,'http://www.juwelo.fr/'
Just Pyjama,'http://www.justpyjama.com/'
Justfab,'http://www.justfab.fr/'
Kadeos,'http://www.ticketkadeos.fr/'
Kalista Capillaires,'http://www.kalista-capillaires.com/'
Kappa Club,'http://www.kappaclub.fr/'
Kaporal,'http://www.kaporal.com/'
Kapten Son,'https://kapten-son.com/'
Karen Millen,'http://www.karenmillen.com/'
Karine Arabian,'https://www.karinearabian.com/'
Kaspersky,'http://www.kaspersky.fr/'
Kenyx,'http://www.kenyx.fr/'
Kavehome,'https://kavehome.com/fr/fr/'
Kelelek,'http://www.kelelek.com/'
Keller Sports,'http://www.keller-sports.fr/'
Keria,'https://www.keria.com/'
Kiabi,'http://www.kiabi.com/'
Kickers,'http://www.kickers.com/'
Kiko,'http://www.kikocosmetics.com/fr-fr/'
Kidits,'http://www.kidits.fr/'
Kiliwatch,'http://www.kiliwatch.fr/'
Kiloutou,'http://www.kiloutou.fr/'
Kidiliz,'http://www.kidiliz.com/'
Kiosque Cadeau,'http://www.kiosquecadeau.fr/'
King jouet,'http://www.king-jouet.com/'
Kinguin,'https://www.kinguin.net/fr/'
Kingshop,'https://www.kingeshop.com/Accueil-creer-boutique-en-ligne-cbbaaaaaaaaa.asp'
Kipling,'http://www.kipling.com/fr-fr/'
Kiss A Frog,'https://www.kissafrog.fr/'
Kitchen Trotter,'http://www.kitchentrotter.com/'
Kiwatch,'http://www.kiwatch.com/'
Kiwi,'https://fr.wikipedia.org/wiki/Kiwi'
Kobo,'https://store.kobobooks.com/fr-fr'
Klarstein,'http://www.klarstein.fr/'
Kookai,'http://www.kookai.fr/'
Koolicar,'https://www.koolicar.com/'
Kreateurs,'https://kreateurs.com/'
Kwebox,'http://www.kwebox.com/'
Kurt Geiger,'https://www.kurtgeiger.com/'
L'affaire de Rufus,'https://www.laffairederufus.com/'
Kyriad,'http://www.kyriad.com/'
L'agence surprise,'http://www.lagence-surprise.com/'
La Belle et le Barbu,'https://www.labelleetlebarbu.com/'
La Boutique du Net,'http://www.laboutiquedunet.com/'
La boite du fromager,'http://www.laboitedufromager.com/'
La Botte Chantilly,'http://www.la-botte.com/index.shtml'
La Boutique Science et Vie,'http://www.laboutiquescienceetvie.com/'
La boutique officielle,'http://www.laboutiqueofficielle.com/'
La box des petites cocottes,'https://www.petitescocottes.com/'
La Box des Bees,'http://touteslesbox.fr/la-box-des-bees/'
La box Quejadore,'https://www.laboxquejadore.paris/'
La caverne de Sarah,'http://lacavernedesarah.com/'
La centrale du bureau,'http://www.lacentraledubureau.com/'
La chaise longue,'http://www.lachaiselongue.fr/'
La Fourchette,'https://www.lafourchette.com/'
La Croissanterie,'http://www.lacroissanterie.fr/'
La Depanne,'http://ladepanne.fr/'
La geekerie,'http://lageekerie.com/'
La grande récré,'https://www.youtube.com/watch?v=pN1ww3Mjz7o'
La Magie de mon nom,'https://www.lamagiedemonnom.fr/'
La Halle,'http://www.lahalle.com/'
La maison plus,'http://lamaisonplus.com/'
La Navette Pickup,'https://lanavette.pickup.fr/'
La Petite Attention,'https://www.lapetiteattention.com/'
La Perla,'http://www.laperla.com/fr/'
La poste mobile,'https://www.lapostemobile.fr/'
La Redoute,'http://www.laredoute.fr/'
Label Discounter,'https://www.labeldiscounter.com/fr/'
Label Habitation,'http://www.labelhabitation.com/'
La table des eleveurs,'https://www.latabledeseleveurs.fr/'
Label Park,'https://www.label-park.com/'
Labiomer,'http://www.labiomer.com/'
Laco,'https://lacoshop.com/'
Lacoste,'http://www.lacoste.com/fr/'
Lafuma,'http://www.lafuma.com/'
Laguiole attitude,'http://www.laguiole-attitude.com/'
Lalalab,'https://www.lalalab.com/fr'
Lamaloli,'https://lamaloli.com/fr/'
Lancôme,'http://www.lancome-usa.com/'
Lampe et lumière,'https://www.lampeetlumiere.fr/'
Lapeyre,'http://www.lapeyre.fr/'
Last Minute,'http://www.fr.lastminute.com/'
Laura Kent,'http://www.laurakent.fr/'
LDLC,'http://www.ldlc.com/'
Laurie lumière,'http://www.laurie-lumiere.fr/'
Lavinia,'http://www.lavinia.fr/'
Le Bon Marché,'http://www.lebonmarche.com/'
Le Bourget,'http://www.lebourget.com/'
Le déguisement,'https://www.ledeguisement.com/'
Le géant des beaux arts,'http://www.geant-beaux-arts.fr/'
Le Monde du bagage,'https://www.lemondedubagage.com/'
Le Parastore,'http://www.leparastore.com/'
Le Mont Saint Michel,'http://www.ot-montsaintmichel.com/'
Le petit ballon,'http://www.lepetitballon.com/'
Le Petit Futé,'https://www.petitfute.com/'
Le petit Olivier,'http://www.lepetitolivier.fr/'
Le Robert,'http://www.lerobert.com/'
Le petit vapoteur,'http://www.lepetitvapoteur.com/'
Léa Nature,'http://scholar.google.fr/scholar?q=L%C3%83%C2%A9a+Nature&hl=fr&as_sdt=0&as_vis=1&oi=scholart&sa=X&ved=0ahUKEwj4w_2RyfvPAhWCJJoKHZvtCsMQgQMIJzAA'
Le Slip Francais,'http://www.leslipfrancais.fr/fr/'
Le Sens du Détail,'http://www.snow-fr.com/forum/index.php?s=1a8f8379d3f1be0fdfd4b9132cb2953e&showtopic=5792'
LeCab,'https://www.lecab.fr/'
LED Destock,'http://www.led-destock.com/'
LeBootcamp,'https://www.lebootcamp.com/fr'
LED Flash,'http://www.led-flash.fr/'
LEGO Shop,'https://shop.lego.com/fr-FR/'
Lemon curve,'http://lemoncurve.com/'
Lenovo,'http://www.lenovo.com/fr/fr/'
Lentilles moins cheres,'https://www.lentillesmoinscheres.com/'
Léo le Pirate,'http://www.leolepirate.com/'
Lepage,'http://www.lepage-vivaces.com/'
Leroy Merlin,'http://www.leroymerlin.fr/'
Lepape,'http://www.lepape.com/'
Les grappes talentueuses,'https://www.les-grappes-talentueuses.fr/'
Les 3 Brasseurs,'http://www.les3brasseurs.com/'
Les maux de dos,'https://www.lesmauxdedos.com/'
Les perles,'http://perles-du-bon-coin.fr/'
Les caves,'https://www.les-caves.fr/fr/'
Les Poulettes,'http://www.lespoulettes-bijoux.fr/'
Les Raffineurs,'https://www.lesraffineurs.com/'
Les Tendances,'http://www.lestendances.fr/'
Lettre Resiliation,'http://www.journaldunet.com/management/pratique/divers/13624/lettre-de-resiliation-de-contrat.html'
Lidl,'http://www.lidl.fr/'
Levi's,'http://www.levi.com/FR/fr_FR/'
Ligne en ligne,'https://www.ligne-en-ligne.com/'
Lightinthebox,'http://www.lightinthebox.com/fr/'
Lightonline,'http://www.lightonline.fr/'
Lilybirds,'https://www.lilybirds.fr/'
Liligo,'http://www.liligo.fr/'
Lilysilk,'http://www.lilysilk.com/fr'
Lineavi,'http://www.lineavi.fr/programme-lineavi'
Linvosges,'https://www.linvosges.com/'
Lingerie de Paris,'http://www.lingerie-de-paris.fr/'
Little Cigogne,'http://www.littlecigogne.com/formules.html'
Locasun,'http://www.locasun.fr/'
LN-CC,'http://www.ln-cc.com/'
Little Fouta,'http://www.little-fouta.com/'
Location Ski Moins Cher,'http://www.location-ski-moins-cher.com/'
Locatour,'http://www.locatour.com/'
Logitravel,'http://www.logitravel.fr/'
Lofty,'https://www.lofty.paris/'
Longboard,'https://www.hawaiisurf.com/longboard-skate/'
Loisirs enchères,'http://www.paris-friendly.fr/acheter-moins-cher-du-materiel-aux-encheres.html'
Looking4parking,'https://www.looking4parking.com/fr'
Look Voyages,'http://www.look-voyages.fr/'
Look Fantastic,'http://www.lookfantastic.fr/home.dept'
LOvade,'http://www.lovadeparis-laboutique.com/'
LPB shoes,'http://www.lpbshoesstore.fr/'
Ludilabel,'http://www.ludilabel.fr/'
Lufthansa,'http://www.lufthansa.com/fr/fr/Homepage'
Lulli sur la toile,'http://www.lulli-sur-la-toile.com/'
Lyle and Scott,'http://www.lyleandscott.fr/'
Lush,'https://fr.lush.com/'
Luminaire,'http://www.luminaire.fr/'
Luxéol,'https://books.google.fr/books?id=KH9HAQAAMAAJ&pg=PR125&lpg=PR125&dq=Lux%C3%83%C2%A9ol&source=bl&ots=39bHsAqt_c&sig=-XDodaN0_akHdObZsdYkJ7zFbUE&hl=fr&sa=X&ved=0ahUKEwjpx4i5y_vPAhWqJZoKHZvYD8YQ6AEIKTAA'
L’Exception,'http://www.lexception.com/'
L’homme moderne,'http://www.lhommemoderne.fr/'
L’Occitane,'http://fr.loccitane.com/'
M Moustache,'http://www.m-moustache.com/'
L’Oréal,'http://www.jobs.ac.uk/job/AOQ197/programme-officer-2017-loral-and-unesco-for-women-in-science-fellowship-programme/'
Ma Bouteille,'http://www.mabouteille.fr/'
L’Oréal Box,'http://www.orange.com/fr/Presse-et-medias/communiques-2016/La-Nouvelle-Livebox-d-Orange-revolutionne-l-univers-connecte-des-foyers-francais-des-le-19-mai'
Ma Beauté Luxe,'http://www.mabeauteluxe.fr/'
Ma boutique de Tissus ,'http://www.maboutiqueplus.fr/'
Ma boutique o Naturel,'http://www.maboutiqueonaturel.com/'
Ma Boutique Pleine Vie,'http://www.maboutiquepleinevie.com/'
Ma Boutique Top santé,'http://www.maboutiquetopsante.com/'
Ma spatule,'http://www.maspatule.com/'
Macmaniack,'https://www.macmaniack.com/fr/'
Mac,'https://www.maccosmetics.fr/'
Ma Ptite Culotte,'http://www.maptiteculotte.com/'
Macway,'http://www.macway.com/'
Madame Vacances,'https://www.madamevacances.com/fr/'
Madame Pop and Kids,'http://madamepopandkids.fr/'
Made,'http://www.made.com/fr/'
Made in Meubles,'http://www.made-in-meubles.com/'
Mademoiselle Bio,'http://www.mademoiselle-bio.com/'
Made in Sport,'http://www.madeinsport.com/'
Mademoiselle Lingerie,'http://www.mademoiselle-lingerie.com/'
MAE,'https://www.mae.fr/'
Maeva,'http://www.maeva.com/'
Magix,'http://www.magix.com/fr/'
Magazines.fr,'https://www.magazines.fr/'
Magma,'https://www.magma.fr/'
Maisonic,'https://www.maisonic.com/'
Maison du whisky,'http://www.whisky.fr/'
Maje,'http://fr.maje.com/'
Makamod,'http://www.makamod.com/'
Maisons du monde,'http://www.maisonsdumonde.com/'
MaLentille,'http://www.malentille.com/'
Mama Mio Skincare,'http://www.mioskincare.com/mama-mio.list'
Malouet design,'http://www.malouetdesign.fr/'
Mama Shelter,'http://www.mamashelter.com/fr/'
Mamalicious,'http://www.mamalicious.com/fr/fr/home'
Mandarina Duck,'http://www.mandarinaduck.com/fra/fr-fr'
MandMDirect,'http://www.mandmdirect.fr/'
Manatori,'https://www.manatori.com/'
Mango,'http://shop.mango.com/FR/femme'
Manki,'http://www.manki.fr/'
Mano Mano,'https://www.manomano.fr/'
Manutan,'http://www.manutan.fr/fr/maf'
Marché de la cuisine,'https://www.marchedelacuisine.fr/'
Marionnaud,'http://www.marionnaud.fr/'
Marina Rinaldi,'http://fr.marinarinaldi.com/'
Marks & Spencer,'http://www.marksandspencer.fr/'
Marlies Dekkers,'https://www.marliesdekkers.com/fr-fr/home'
Massimo Dutti,'http://www.massimodutti.com/fr/'
Massivum,'http://www.massivum.fr/'
Master Outillage,'http://www.master-outillage.com/'
Mastercoiff,'http://www.mastercoiff.com/'
Matériel Informatique,'http://www.materiel.net/'
Matelpro,'http://www.matelpro.com/'
Matériel Velo,'http://www.materiel-velo.com/'
Materiel.net,'http://www.materiel.net/'
Max and co,'http://fr.maxandco.com/'
Maty,'http://www.maty.com/'
MaxiCoffee,'http://www.maxicoffee.com/'
Max mara,'http://fr.maxmara.com/'
Maxicours,'http://www.maxicours.com/'
Maxiscoot,'http://www.maxiscoot.com/'
Mayoral,'https://www.mayoral.com/'
Maxitoys,'https://www.maxitoys.fr/'
MaYummyBox,'https://mayummybox.fr/'
McAfee,'http://www.mcafee.com/cf/'
McDonalds,'https://www.mcdonalds.fr/'
Mdm France,'http://www.mdm-france.com/'
Medicament and co,'http://www.doctissimo.fr/medicament-CO-RENITEC.htm'
Mecatechnic,'https://www.mecatechnic.com/fr-FR/'
Médor et Compagnie,'https://fr-fr.facebook.com/Cie-des-Sables-dOr-432080730228600/'
Medissimo,'https://www.medissimo.fr/'
Megacitiz,'https://www.megacitiz.com/'
Meetic,'https://www.meetic.fr/'
Megusto,'http://www.miluza.fr/'
Melijoe,'http://www.melijoe.com/fr/'
Memory Forever,'http://memory-forever.com/fr/fr/'
Meludia,'https://www.meludia.com/fr/'
Menlook,'http://www.menlook.com/fr/'
Mencorner,'https://www.mencorner.com/'
Merrell,'http://www.merrell.com/FR/fr_FR/home'
Menu next door,'https://menunextdoor.fr/fr'
Mer Evasion,'http://www.mer-evasion.com/'
Mes Accessoires,'http://www.mes-accessoires-mariage.com/'
Mes Bagages,'http://www.mesbagages.com/'
Mes bijoux,'http://mes-bijoux.fr/'
Métiers et Passions,'http://www.metiers-et-passions.com/'
Messegue,'https://www.messegue.com/'
Michenaud,'http://www.michenaud.com/'
Metro,'https://www.metro.fr/'
Mets Vins,'https://www.metsvins.eu/'
Mets tes lentilles,'http://www.metsteslentilles.fr/'
Micromania,'http://www.micromania.fr/'
Micro Application,'https://microapp.com/'
Microsoft,'https://www.microsoft.com/fr-fr/'
Mikalo,'http://www.mikalo.com/'
Milanoo,'http://www.milanoo.com/fr/'
Miliboo,'https://www.miliboo.com/'
Millet,'https://www.millet.fr/'
Millim,'http://www.millim.com/'
Mim,'https://www.mim.com/'
Minelli,'http://www.minelli.fr/'
Miroir de muses,'http://www.miroirdemuses.com/fr/'
Mini in the box,'http://www.miniinthebox.com/fr/'
Miscota,'http://animaux.miscota.fr/'
Misco,'http://www.misco.fr/'
Miroir Lumineux,'http://www.leroymerlin.fr/v3/p/produits/salle-de-bains/accessoires-et-miroirs-de-salle-de-bains/miroir-de-salle-de-bains/miroir-lumineux-de-salle-de-bains-l1308217423'
Miss Selfridge,'http://www.missselfridge.fr/'
Miss coquines,'http://www.misscoquines.fr/'
Mister Menuiserie,'http://www.mistermenuiserie.com/'
Missguided,'https://www.missguidedfr.fr/'
Mister Auto,'http://www.mister-auto.com/'
MMV,'http://www.mmv.fr/'
Mistergooddeal,'http://www.mistergooddeal.com/'
Mobile24,'http://www.mobile24.fr/'
MOA,'http://www.moa.fr/'
Mobiliermoss,'http://mobiliermoss.com/'
Moda Vilona,'http://www.modavilona.fr/'
Modanisa,'http://fr.modanisa.com/'
Modatoi,'http://www.modatoi.com/'
Mode in Coton,'http://www.modeincoton.com/'
Modz,'https://www.modz.fr/'
Moleskine,'http://www.moleskine.com/fr/'
Momox,'http://www.momox.fr/'
Mon collier prenom,'http://www.moncollierprenom.com/'
Mon Espace Maison,'http://www.monespacemaison.com/'
Mon Corner Baby,'https://fr-fr.facebook.com/MonCornerBaby/'
Mon eXpresso,'http://monexpresso.com/'
Mon parfum pas cher,'https://www.monparfumpascher.com/'
MonAlbumPhoto,'https://www.monalbumphoto.fr/'
Monclick,'http://www.monclick.fr/'
Mona,'http://www.mona-mode.fr/'
Mon premier doudou,'http://www.monpremierdoudou-paris.fr/'
Monde bio,'http://www.mondebio.com/'
Mondial Tissus,'http://www.mondialtissus.fr/'
Mondial Tourisme,'http://www.mondialtourisme.fr/'
Mondial Relay,'http://www.mondialrelay.fr/'
Monnaie de Paris,'https://www.monnaiedeparis.fr/fr'
Monoprix,'https://www.monoprix.fr/'
Monpetitbikini,'https://www.monpetitbikini.com/'
Monoeuvre,'http://www.monoeuvre.fr/'
MonsieurMode,'http://www.monsieurmode.fr/'
MonShowroom,'http://www.monshowroom.com/'
Montagne vacances,'http://www.montagne-vacances.com/'
Monsoon,'http://uk.monsoon.co.uk/'
Montaz,'https://www.montaz.com/'
Montres and Co,'https://www.montresandco.com/'
monTransport,'https://montransport.com/'
Monteleone,'http://www.monteleone.fr/'
Mood54,'https://www.mood54.com/fr/'
Moo,'https://www.moo.com/fr/'
Moondream,'https://www.moondreamwebstore.fr/'
Mooviin,'http://www.mooviin.com/'
Morgan,'https://www.morgandetoi.fr/'
Motoblouz,'http://www.motoblouz.com/'
Moto GP,'http://www.motogp.com/fr'
Motobuykers,'https://www.motobuykers.fr/'
Motostand,'https://www.motostand.com/'
Motoshopping,'http://www.motoshopping.com/'
Move24,'https://www.move24.com/fr-fr'
Mtamaison,'http://chauffage-sanitaire.mtamaison.com/'
Muji,'http://www.muji.co.uk/'
My Art,'http://www.my-art.com/'
Musement,'https://www.musement.com/fr/'
My American Market,'https://www.myamericanmarket.com/'
My baby dressing,'http://mybabydressing.com/'
My Dermacenter,'http://www.my-dermacenter.com/fr-fr/'
My Cuistot,'https://www.mycuistot.fr/'
My first dressing,'http://www.myfirstdressing.com/'
My Little Bazar,'http://www.mylittlebazar.com/'
My Fujifilm,'https://myfujifilm.fr/'
My Little Day,'http://www.mylittleday.fr/'
My mobilestore,'http://mymobilestore.fr/'
My M&M’s,'http://www.mymms.fr/'
my Pety box,'https://www.mypetybox.com/'
My Puzzle,'http://www.my-puzzle.fr/'
My sweetie box,'https://www.mysweetiebox.com/'
MyBiody Balance,'http://www.mybiody.com/'
Myd Design,'http://www.myd-design.com/nous-contacter'
Mydesign,'https://mydesign.com/'
MyFrenchPharma,'https://www.myfrenchpharma.com/fr/'
MyHummy,'http://www.myhummy.de/fr/'
Myevian,'http://www.myevian.com/'
MyLED,'https://fr.myled.com/'
Mylildressing,'https://www.mylildressing.com/fr/'
Myprotein,'http://fr.myprotein.com/home.dept'
Myphotobook,'https://www.myphotobook.fr/'
Myshop Solaire,'https://www.myshop-solaire.com/'
Mypix,'http://www.mypix.com/'
MyXLshop,'http://www.myxlshop.fr/'
Myteeshirtletter,'http://www.myteeshirtletter.fr/'
Naf Naf,'https://www.nafnaf.com/fr/'
Nakd,'http://www.nakd.fr/'
Natalys,'https://www.natalys.com/'
Nars,'http://fr.narscosmetics.eu/'
Nat & Nin,'http://www.nat-nin.fr/'
Napster,'http://fr.napster.com/'
Natiloo,'http://www.natiloo.com/'
Navabi,'https://www.navabi.fr/'
Nature et Découvertes,'http://www.natureetdecouvertes.com/huiles-essentielles-diffuseur/soins/sommeil-respiration/coffret-5-brumes-d-oreiller-15192560'
NBA Store,'http://www.nbastore.eu/'
Nespresso,'https://www.nespresso.com/fr/fr/'
Nestor,'https://www.nestorparis.com/'
Nelly,'http://nelly.com/fr/womens-fashion/'
Netatmo,'https://www.netatmo.com/fr-FR/site'
Nestpick,'https://www.nestpick.com/'
Netbet,'https://www.netbet.fr/'
New Balance,'http://www.newbalance.fr/'
Netflix,'https://www.netflix.com/fr/'
New Look,'http://www.newlook.com/fr'
Newchic,'http://www.newchic.com/fr/'
Newpharma,'http://www.newpharma.fr/'
News Parfums,'http://www.news-parfums.com/'
Nike,'http://www.nike.com/fr/fr_fr/'
Nicolas,'http://www.nicolas.com/'
Nocibé,'http://www.nocibe.fr/'
Nisbets,'http://www.nisbets.fr/'
Nooï,'http://www.noaa.gov/'
Norauto,'https://www.norauto.fr/'
Nordic Watches,'http://nordic-watches.com/'
Noradress,'http://www.noradress.com/fr'
Novastore,'http://www.novastore.fr/'
Norton,'http://fr.norton.com/'
Northweek,'https://northweek.com/'
NRJ Mobile,'https://www.nrjmobile.fr/'
Nuoobox,'http://www.nuoobox.com/'
Numéricable,'https://assistance.numericable.fr/spip.php?page=bberry_article&id_article=807&device_id=1523&manip_id=79579'
NV Gallery,'https://www.nvgallery.com/'
Nyx cosmetics,'http://www.nyxcosmetics.fr/'
O'Neill,'http://www.oneill.com/'
Objetrama,'https://www.objetrama.fr/'
Objets du Mois,'http://objetsdumois.nouvelobs.com/'
Oceania Hotels,'http://www.oceaniahotels.com/'
Oclio,'https://www.natalys.com/'
ODLO,'https://odlo.com/fr/fr-fr/'
Office depot,'http://www.officedepot.fr/'
Okaidi,'https://www.okaidi.fr/'
Ofup,'http://www.ofup.com/'
Olly Gan,'https://www.ollygan.fr/'
One.com,'https://www.one.com/'
One step,'http://www.onestep.fr/'
Omoda,'https://www.omoda.fr/'
Onlineprinters,'https://www.onlineprinters.fr/'
Online golf,'http://www.onlinegolf.fr/'
Ooprint,'https://www.ooprint.fr/'
Only,'http://www.only.com/'
OOGarden,'http://www.oogarden.com/'
Oops Coiffure,'http://www.oops-coiffure-discount.com/'
Oopsie Box,'http://oopsie.fr/'
Ooshop,'http://www.ooshop.com/courses-en-ligne/Home.aspx'
Optigura,'https://www.optigura.com/'
Opodo,'http://www.opodo.fr/'
Orange mobile,'https://boutique.orange.fr/mobile'
Orangemarine,'http://www.orange-marine.com/'
Orcanta,'https://www.orcanta.fr/'
Orchestra,'http://fr.shop-orchestra.com/'
Origin,'https://www.origin.com/fr-fr/store/'
Oreca,'http://www.oreca-store.com/'
Oscaro,'https://www.oscaro.com/'
Otheatro,'https://www.otheatro.com/'
Otelo,'http://www.otelo.fr/'
Ouicar,'https://www.ouicar.fr/'
Ouibus,'http://fr.ouibus.com/fr'
Outfitbook,'http://outfitbook.fr/'
Ouigo,'http://www.ouigo.com/'
Outiror,'http://www.outiror.com/'
Outillage online,'http://www.outillage-online.fr/'
Ovoyages,'http://www.ovoyages.com/'
Oxybul,'http://www.oxybul.com/'
Oxybul,'http://www.oxybul.com/magasins-jouets'
Oysho,'http://www.oysho.com/fr/'
Paddle and Kite,'http://www.paddleandkite.fr/'
Packdiscount,'https://www.packdiscount.com/'
Packlink,'https://www.packlink.fr/'
Pages Jaunes Resto,'http://www.pagesjaunesresto.fr/'
Palais des thés,'http://www.palaisdesthes.com/fr/'
Panajee,'https://www.panajee.com/'
Pandacraft,'https://www.pandacraft.fr/'
Pango,'http://www.pangocase.com/'
Pandora,'http://www.pandora.net/fr-fr'
Parapharmacie Leclerc,'https://www.parapharmacie.leclerc/'
Parasitox,'http://www.parasitox.com/'
Panini Store,'http://store.panini.fr/'
Parc Asterix,'https://www.parcasterix.fr/'
Parfums moins cher,'http://www.parfumsmoinscher.com/'
Parions Sport en Ligne,'https://www.enligne.parionssport.fdj.fr/'
Paris en scène,'http://www.paris-en-scene.com/'
Parrot,'https://www.parrot.com/fr'
Particulier à Particulier (PAP),'http://www.pap.fr/'
Partir pas cher,'http://www.partirpascher.com/'
Partycity,'http://www.partycity.com/'
Pascal Coste,'http://www.pascalcoste-shopping.com/'
Passion Parfum,'https://passionparfum.com/'
Patatam,'http://www.patatam.com/'
Patrizia Pepe,'http://www.patriziapepe.com/fr/fr'
Pataugas,'http://www.pataugas.com/'
Paycar,'https://www.paycar.fr/'
Peak sports,'http://www.peaksports.fr/'
Paypal,'https://www.paypal.com/fr/home'
Pearl,'https://www.pearl.fr/'
Peinture discount,'http://www.peinture-discount.com/'
Perfect Health Solutions,'https://www.perfecthealthsolutions.eu/'
Perfume’s club,'http://www.perfumesclub.fr/'
Pepe jeans,'http://www.pepejeans.com/fr_fr/'
Perphone,'https://www.perphone.com/'
Permigo,'https://www.permigo.com/'
Peter Hahn,'http://www.peterhahn.fr/'
Petits frenchies,'https://fr.petitsfrenchies.com/'
Peyrouse Hair Shop,'https://www.peyrouse-hair-shop.com/'
Petit Bateau,'http://www.petit-bateau.fr/'
Pharmarket,'https://www.pharmarket.com/'
Pharmasimple,'http://pharmasimple.com/'
Philips,'http://www.philips.fr/'
Phildar,'http://www.phildar.fr/'
Photobox,'https://www.photobox.fr/'
Photocité,'http://www.jeu-concours.biz/concours-Photocit%C3%A9a.html'
Photoservice,'https://www.photoservice.com/'
Photoweb,'http://www.photoweb.fr/'
Pickles,'https://www.pickles.fr/'
Phytomédica,'http://europe-fr.libbizdir.com/laboratoires-phytom-dica-s-a-r-l-17797.html'
Pieces,'http://www.pieces.com/'
Pièces et pneus,'http://www.piecesetpneus.com/'
PiècesAuto,'http://www.pieces-auto.fr/'
Piecesauto24,'http://www.piecesauto24.com/'
Pierre Ricaud,'https://www.ricaud.com/'
Pik and clik,'http://www.pikandclik.com/'
Ping Déco,'http://boutique.ping-deco.fr/'
Pimkie,'http://www.pimkie.fr/'
Pingouin,'http://www.pingouin.fr/'
Piscine Factory,'http://www.piscine-factory.com/'
Piscineco,'http://www.piscineco.fr/'
Pixeprint,'https://www.pixeprint.com/'
Pixmania,'http://www.pixmania.fr/informatique-9-c.html'
Pixartprinting,'https://www.pixartprinting.fr/'
Pizza del arte,'http://www.delarte.fr/'
Pizza Hut,'https://www.pizzahut.fr/'
Pizza Pai,'http://www.pizzapai.fr/'
Place des cartes,'https://www.placedescartes.fr/'
Place des Tendances,'https://www.placedestendances.com/fr/fr'
Planet Fitness,'https://www.planet-fitness.com/'
Planet Cards,'https://www.planet-cards.com/'
Planet Puzzles,'http://www.planet-puzzles.com/'
Planet Puzzles,'http://www.radins.com/code-promo/planet-puzzles/'
Planet Sports,'https://www.planet-sports.com/fr/'
Planet Sushi,'http://www.planetsushi.fr/'
Planet-Eveil,'http://www.planet-eveil.com/'
Planet Undies,'http://www.planet-undies.com/'
Planète Cocoon,'https://www.planete-cocoon.com/'
Plantes et jardins,'http://www.plantes-et-jardins.com/'
PLDM by Palladium,'http://www.pldmshoes.com/'
Planetediscount,'http://www.planetediscount.fr/'
Plopsa,'http://www.plopsa.be/fr'
Plus belle l’Europe,'http://www.plusbelleleurope.com/'
Pneus Online,'http://www.pneus-online.fr/'
Pneus moto,'http://www.pneus-moto.fr/'
Plusdemags,'https://www.plusdemags.com/'
Pneus Outlet,'http://www.pneus-outlet.fr/'
Pomme de pain,'https://fr-fr.facebook.com/pommedepain.fr/'
Pommpoire,'http://www.pommpoire.fr/'
Pop design,'https://pop-design.fr/'
Pop's Décoration,'http://www.pops-decoration.fr/idees-d-ambiances.html'
Popchef,'https://eatpopchef.com/'
Poster XXL,'https://www.posterxxl.fr/'
Poussette.com,'http://www.poussette.com/'
Powersante,'https://www.powersante.com/'
Première Classe,'http://www.premiereclasse.com/'
Priceminister,'http://www.priceminister.com/'
Prêt à pousser,'https://pretapousser.fr/'
Print Pas Cher,'http://www.printpascher.com/'
Prestigia,'http://www.prestigia.com/'
Pranaloe,'http://www.pranaloe.fr/'
Printer Shop,'http://www.printer-shop.fr/'
Printic,'https://www.printic.fr/'
Prismashop,'http://www.prismashop.fr/'
Private Sport Shop,'http://www.privatesportshop.fr/'
Probikeshop,'http://www.probikeshop.fr/'
Promocroisiere,'http://www.promocroisiere.com/'
Promod,'http://www.promod.fr/'
Produits italiens,'http://www.produits-italiens.fr/'
Promoséjours,'https://annuaire.laposte.fr/agence-de-voyage/versailles-voyages-kappa-club-lleatours-58980646200075/'
Promovacances,'http://www.promovacances.com/'
Prosbill,'https://www.prosbill.com/'
Promovols,'http://www.promovols.com/'
Puma,'http://fr.puma.com/fr/fr/home'
Pull & Bear,'http://www.pullandbear.com/fr/fr/'
Qatar Airways,'http://www.qatarairways.com/fr/fr/homepage.page'
Pure Deco,'http://pure-deco.com/'
Quai Sud,'http://www.quaisud.com/'
Qivivo,'http://www.qivivo.com/'
Quechua,'https://www.quechua.fr/'
Quick,'https://www.quick.fr/'
Quiksilver,'http://www.quiksilver.fr/'
Rad,'http://www.rad.co/fr/'
QuiToque,'https://www.quitoque.fr/'
Raja,'http://www.raja.fr/'
Raidlight,'http://www.raidlight.com/'
Ralph Lauren,'http://ralphlauren.fr/'
Rapid Flyer,'https://www.rapid-flyer.com/'
Rayon d'or,'http://www.rayondor-bagages.fr/'
Razer,'http://www.razerzone.com/fr-fr'
Rebuy,'https://www.rebuy.fr/'
Red by SFR,'https://www.red-by-sfr.fr/'
Redmond,'https://fr.wikipedia.org/wiki/Redmond_(Washington)'
Redskins,'https://www.store-redskins.com/'
Relay,'https://www.relay.com/'
Reminiscence,'https://www.reminiscenceparis.com/'
Rendez Vous Déco,'http://www.rendezvousdeco.com/'
Reebok,'http://www.reebok.fr/'
Referencepieces,'https://www.referencepieces.fr/'
Rent a car,'https://www.rentacar.fr/'
Rentrée 2016,'http://etudiant.aujourdhui.fr/etudiant/info/date-de-vacances.html'
Rentalcars,'http://www.rentalcars.com/fr/'
Rentreediscount,'http://www.rentreediscount.com/'
Residence Némea,'http://www.nameres.org/'
Residhotel,'https://www.residhotel.com/'
Retif,'http://www.retif.eu/'
Retto,'http://www.retto.fr/'
Rhône express,'https://www.rhonexpress.fr/'
Rivadis,'http://www.rivadis.com/'
Riu Hotels,'http://www.riu.com/fr/home.jsp'
robedumariage,'http://www.robedumariage.com/'
River Island,'http://www.riverisland.fr/'
Robinson,'https://fr.wikipedia.org/wiki/Robinson_Cruso%C3%A9'
Robot Piscine,'http://www.cash-piscines.com/CT-395-robots.aspx'
Roger Junca,'http://www.roger-junca.com/'
Romwe,'http://fr.romwe.com/'
Roomox,'http://www.roomox.com/fr'
Rosegal,'http://www.rosegal.com/fr/'
Roses Guillot,'http://www.roses-guillot.com/'
Rosefield,'https://www.rosefieldwatches.com/fr/'
Rossignol,'http://www.rossignol.com/FR/FR/home.html'
Roxy,'http://www.roxy.fr/'
Rougier et plé,'http://www.rougier-ple.fr/'
Ruckfield,'http://www.ruckfield.com/'
Royale Déco,'http://www.royaledeco.com/'
Rue des hommes,'http://www.ruedeshommes.com/'
Rue des parfums,'http://www.ruedesparfums.com/'
Rue des plaisirs,'https://www.ruedesplaisirs.com/'
Rue Du Cachemire,'https://www.rueducachemire.com/'
Rue du commerce,'http://www.rueducommerce.fr/'
RugbyCenter,'http://www.rugbycenter.fr/'
Ryanair,'https://www.ryanair.com/fr/fr/'
Sabon,'http://www.sabon.fr/'
Sammydress,'http://www.sammydress.com/fr/'
Sainthimat,'http://www.sainthimat.com/'
Saint Sens,'http://www.saintsens.com/'
Samboat,'https://www.samboat.fr/'
San Marina,'http://www.sanmarina.fr/'
Samsonite,'http://www.samsonite.fr/'
Sandro,'http://fr.sandro-paris.com/'
Sans complexe,'http://www.sanscomplexe.com/'
Sarenza,'http://www.sarenza.com/'
Santa Fixie,'https://www.santafixie.fr/'
Santediscount,'https://www.santediscount.com/'
Save,'https://www.save.co/'
Satellite Bijoux,'http://www.satelliteparis-boutique.com/les-bijoux.html'
Sauramps,'http://www.sauramps.com/'
Scandinavian Design Center,'https://www.scandinaviandesigncenter.fr/'
Scarlett,'http://www.scarlett-bracelets-paris.com/'
School Rag,'http://www.school-rag.com/'
Scottage,'http://www.scottage.fr/'
Scoot Fast,'https://www.scootfast.net/'
Scs-laboutique,'https://www.scs-laboutique.com/'
Scrapmalin,'https://www.scrapmalin.com/'
Sealife,'https://www.visitsealife.com/paris/'
Securimed,'http://www.securimed.fr/'
Seb,'http://www.seb.fr/'
Secrets de Commode,'http://secretsdecommode.com/'
Sendiroo,'http://www.sendiroo.fr/'
Sephora,'http://www.sephora.fr/'
Securité Good Deal,'https://www.securitegooddeal.com/'
Sennheiser,'https://fr-fr.sennheiser.com/'
Sergent Major,'http://www.sergent-major.com/'
Sexy Avenue,'http://www.sexyavenue.com/'
Seton,'http://www.seton.fr/'
Services Avenue,'http://www.servicesavenue.fr/'
SFR,'http://www.sfr.fr/'
Shaw Academy,'http://www.shawacademy.com/fr/'
Sézane,'https://fr-fr.facebook.com/public/Zane-Sa'
Shirtinator,'https://www.shirtinator.fr/'
Shoes.fr,'http://www.shoes.fr/'
Shootgame,'http://www.shootgame.fr/'
Shop4fr,'http://www.shop4fr.com/'
Shopping Nature,'http://www.shoppingnature.com/'
Shopmium,'https://www.shopmium.com/fr/'
Showroomprive,'https://www.showroomprive.com/'
Shopty,'http://www.shopty.com/fra/'
ShowroomVIP,'http://www.showroomvip.com/'
Signals,'https://www.signals.fr/'
Shutterstock,'http://www.shutterstock.com/fr/'
Simply colors,'https://www.simplycolors.fr/'
Simply Hotels,'http://www.simplyhotelsfrance.com/'
Simply Supplements,'https://www.simplysupplements.fr/'
Simply Market,'http://www.simplymarket.fr/'
Simply To Ski,'https://www.simplytoski.fr/'
Sixt,'https://www.sixt.fr/'
Sixth June,'http://www.sixthjune.com/fr/mode-homme'
Siyour,'http://siyour.com/'
Ski Planet,'http://www.ski-planet.com/'
Skigloo,'http://www.skigloo.com/'
Skilleos,'http://www.skilleos.com/'
Skineance,'http://www.skineance.com/'
Skimium,'https://www.skimium.com/'
Skinkin,'http://www.skinkin.com/'
Slendertone,'http://www.slendertone.com/fr-fr/'
Slow cosmétique,'http://inopia-cosmetique.fr/fr/tag/slow-cosmetique/'
Slow watches,'https://www.slow-watches.com/'
Smartphoto,'https://www.smartphoto.fr/'
Smartbox,'http://www.smartbox.com/fr/'
Snapfish,'https://www.snapfish.fr/'
So Shape,'https://www.soshape.com/'
Sneapers,'https://www.sneapers.com/'
Snowleader,'http://www.snowleader.com/'
Sofactory,'http://www.sofactory.fr/'
Sojeans,'http://www.sojeans.fr/'
Solaris,'http://www.solaris-sunglass.com/'
Solendro,'http://solendro.com/'
Son vidéo,'http://www.son-video.com/'
Sonovente,'http://www.sonovente.com/'
Soo by Sophie,'http://www.soobysophie.com/'
Soroom Hotel,'http://www.soroom-hotel.com/'
Soswit,'http://www.soswit.com/'
Souleiado,'http://www.souleiado.com/'
Spartoo,'http://www.spartoo.com/'
Sous le lampion,'http://www.sous-le-lampion.com/'
Sportfood center,'http://www.sportfood-center.com/'
Speed burger,'http://www.speed-burger.com/'
Sportposition,'http://www.sportposition.com/'
Speed Wear,'http://www.speed-wear.net/'
Sports Direct,'http://fr.sportsdirect.com/'
Sports Loisirs,'http://www.sports-loisirs.fr/'
Speedy,'http://www.speedy.fr/'
Sportsshoes,'https://www.sportsshoes.com/'
Sportshop,'http://www.sportshop.fr/'
Sprint24,'http://sprint24.fr/'
Spreadshirt,'https://www.spreadshirt.fr/'
STA travel,'https://www.statravel.fr/'
Star motors,'http://www.starmotors.fr/'
Stetson,'http://www.stetson.com/'
Star’s Music,'http://www.stars-music.fr/'
Stikets,'http://www.stikets.fr/'
Sticky9,'https://sticky9.com/fr'
Strellson,'https://strellson.com/fr/fr/'
Strammer Max,'http://strammermax.com/fr/'
Stradivarius,'http://www.stradivarius.com/fr/'
Stuart,'https://stuart.com/fr/'
Stuart Weitzman,'http://www.stuartweitzman.com/'
Studiosport,'http://www.studiosport.fr/'
Stylefile,'http://www.stylefile.fr/'
Sud express,'http://www.sudexpress.com/'
Stylepit,'http://www.stylepit.com/'
Sunglasses Shop,'https://www.sunglassesshop.fr/'
Sunparks,'http://www.sunparks.com/fr-fr'
Super U,'https://www.magasins-u.com/'
Superbillets,'http://www.superbillets.com/'
Superdry,'http://www.superdry.fr/'
Surania,'http://www.surania.com/fr/'
Surfdome,'https://www.surfdome.fr/'
Sushi Shop,'https://www.sushishop.fr/'
Swarovski,'http://www.swarovski.com/Web_FR/fr/index'
Tabouret.fr,'http://www.tabouret.fr/'
Tailorstore,'https://www.tailorstore.fr/'
Symphone-e,'http://www.symphone-e.fr/'
Take eat easy,'https://www.takeeateasy.fr/fr/'
Table et Dépendances,'https://www.tableetdependances.fr/'
Table d’arc,'http://www.latabledarc.com/'
TAP Portugal,'http://www.flytap.com/France/fr/PageDAccueil'
Takemore,'https://fr.takemore.net/'
Tassimo,'https://www.tassimo.fr/'
Tavulesprix,'http://www.tavulesprix.com/'
Tati,'http://www.tati.fr/'
Teddy Smith,'http://www.teddy-smith.com/'
Ted Baker,'http://www.tedbaker.com/'
Telefleurs,'http://www.telefleurs.fr/'
Téléshopping,'https://www.tripadvisor.fr/Attractions-g2208502-Activities-c26-Ta_Qali_Island_of_Malta.html'
Temmos hotels,'http://www.temmos.com/'
Tempo tattoo,'https://tempo-tattoo.fr/'
Temps L,'http://www.tempsl.fr/'
Tendance Fashion,'https://www.tendancefashion.fr/'
Tendance Ronde,'http://www.tendance-ronde.fr/'
Tennis Point,'http://www.tennis-point.fr/'
Tennis Warehouse,'http://www.tenniswarehouse-europe.com/?lang=fr'
Testamento,'https://testamento.fr/'
Tentation Fromage,'http://www.tentationfromage.fr/'
Thalasso Numéro 1,'http://www.thalassonumero1.com/'
Terravision,'http://www.terravision.eu/francese/'
Tezenis,'http://fr.tezenis.com/'
Thalys,'https://www.thalys.com/fr/fr/'
The Body Shop,'http://www.thebodyshop.fr/'
The Beautyst,'http://fr.thebeautyst.com/'
The Good Concept Store,'http://thegoodconceptstore.thegoodhub.com/'
The Hut,'http://www.thehut.com/home.dept'
The Kase,'http://www.thekase.com/'
The North Face,'https://www.thenorthface.fr/'
The Luxer,'http://www.theluxer.com/FR/'
The protein works,'https://fr.igraal.com/codes-promo/the-protein-works'
The Tops,'http://www.thetops.fr/'
Thomann,'https://www.thomann.de/fr/index.html'
Thomas Cook,'http://www.thomascook.fr/'
Thun,'http://www.thun.com/'
Ticketac,'http://www.ticketac.com/'
Ticket Bureau,'http://www.ticketbureau.com/fr/'
Ticketbar,'http://barcelona.ticketbar.eu/fr/home/'
Ticketmaster,'http://www.ticketmaster.ie/'
Ticketbis,'http://www.ticketbisfr.com/'
Timberland,'https://www.timberland.fr/'
Tiny moccs,'https://www.codes-avantage.fr/code-promo-tiny-moccs/'
Tictacphoto,'http://www.tictacphoto.be/'
Timebyme,'http://www.timebyme.fr/'
Tiqets,'https://www.tiqets.com/fr/'
Tirendo,'http://www.tirendo.fr/'
Tog 24,'https://www.tog24.com/'
Tohapi,'https://www.tohapi.fr/'
Tok tok tok,'https://toktoktok.com/'
Toledano,'http://www.toledano-mag.com/'
Tommy Hilfiger,'http://fr.tommy.com/'
TOMS,'http://www.toms.fr/'
TomTom,'https://www.tomtom.com/fr_fr/'
Tomtop,'http://www.tomtop.com/fr/'
Too short,'https://www.too-short.com/'
Toner Services,'http://www.toner.fr/'
Tool Fitness,'http://www.tool-fitness.com/'
Top Office,'http://www.top-office.com/'
Topengo Moneygram,'https://topengo-moneygram.aleda.fr/'
Topachat,'https://www.topachat.com/'
Topkoo,'https://www.topkoo.fr/'
Topman,'http://fr.topman.com/'
Tostadora,'http://www.tostadora.fr/'
Touchmods,'https://www.touchmods.fr/'
Topshop,'http://fr.topshop.com/'
Toupargel,'http://www.toupargel.fr/'
Tous Ergo,'http://www.tousergo.com/'
Touring Assurances,'https://www.touring-assurances.be/'
Tous mes meubles,'http://tousmesmeubles.com/'
Toutes Mes Lentilles,'https://www.toutesmeslentilles.fr/'
Tout pour Iphone,'http://www.tout-pour-iphone.com/'
Toys R us,'http://www.toysrus.fr/'
Tradition des Vosges,'http://www.traditiondesvosges.com/'
Trainline,'https://www.trainline.fr/'
Transavia,'https://www.transavia.com/fr-FR/accueil/'
Travaux futés,'http://www.bison-fute.gouv.fr/week-end-colore
Travelski,'http://www.travelski.com/'
Travel24,'http://www.travel24.fr/'
Travel2be,'http://www.travel2be.be/'
Treatwell,'https://www.treatwell.fr/'
Trend Corner,'http://www.trend-corner.com/'
Triaaangles,'http://www.triaaangles.fr/'
Trend micro,'http://www.trendmicro.fr/'
Trigano store,'http://www.triganostore.com/'
Triomphe Casino,'https://www.casinotriomphe.com/?lang=fr'
TripAdvisor,'https://www.tripadvisor.fr/'
Trip4real,'http://fr.trip4real.com/'
Tripndrive,'https://www.tripndrive.com/'
TropicMe,'https://www.tropicme.com/'
Tripsta,'http://www.tripsta.fr/'
Truffaut,'http://www.truffaut.com/'
Trx2,'http://www.trx2.fr/'
Tui,'https://www.tui.fr/'
Tshirt Corner,'https://www.tshirt-corner.com/'
Ubeeqo,'http://www.ubeeqo.fr/'
Ubaldi,'http://www.ubaldi.com/'
Uber,'https://www.uber.com/fr/'
UBEREATS,'https://ubereats.com/paris/'
UCulture,'http://www.uculture.fr/'
UCPA,'http://www.ucpa-vacances.com/'
Ultimebike,'https://www.ultimebike.com/'
Ulla Popken,'https://www.ullapopken.fr/'
UGC,'http://www.ugc.fr/'
Ultra premium direct,'http://www.ultrapremiumdirect.com/'
Un amour de tapis,'https://www.unamourdetapis.com/'
UnderArmour,'http://www.underarmour.fr/'
Un Jour Ailleurs,'http://www.unjourailleurs.com/'
Undiz,'http://www.undiz.com/'
Unibet,'https://www.unibet.fr/'
Universal Pen,'http://www.penseurope.com/fr/'
Uniqlo,'http://www.uniqlo.com/fr/fr/home'
UPS,'https://www.ups.com/fr'
Unkut,'https://www.unkut.fr/'
Urban Outfitters,'http://www.urbanoutfitters.com/fr/index.jsp'
Urbanik Art,'http://urbanikart.fr/'
Uship,'http://www.uship.fr/'
Usine Bureau,'http://www.usinebureau.com/'
Usine23,'http://www.usine23.com/'
Vacances bleues,'https://www.vacancesbleues.fr/fr'
Vacanciel,'http://www.vacanciel.com/'
Vacances Lagrange,'http://www.vacances-lagrange.com/'
Valuebasket,'http://www.valuebasket.com/'
Vans,'https://www.vans.fr/'
Vaola,'https://www.vaola.fr/'
VBS Hobby Service,'https://www.vbs-hobby.fr/'
Vap'ego,'http://vap-ego.com/'
Variance Store,'http://www.variance-store.com/'
Venere,'http://fr.venere.com/'
Vente du diable,'https://www.vente-du-diable.com/'
Veoprint,'http://www.veoprint.com/'
Vente-privee.com,'http://www.vente-privee.com/'
Vertbaudet,'http://www.vertbaudet.fr/'
Vero moda,'http://www.veromoda.com/'
Vertigineuse,'http://www.larousse.fr/dictionnaires/francais/vertigineux_vertigineuse/81687'
VeryChic,'http://www.verychic.com/fr/login.cms'
VerySmartShop,'http://www.univecocasa.com/'
Vetality,'http://www.vetality.fr/'
Vestiaire collective,'http://fr.vestiairecollective.com/'
Véto Malin,'http://www.vapoteurmalin.com/'
Viator,'https://www.viatorcom.fr/'
Viagogo,'http://www.viagogo.fr/'
Viapresse,'http://www.viapresse.com/'
Vibe tribe,'http://www.vibe-tribe.it/fr/'
Victoria's Secret,'https://www.victoriassecret.com/'
VidaXL,'https://www.vidaxl.fr/'
Vide Dressing,'http://www.videdressing.com/'
Vigipiscine,'http://www.vigipiscine.com/'
Villatech,'http://www.villatech.fr/'
Viking Direct,'http://www.vikingdirect.fr/'
Villeroy & Boch,'https://www.villeroy-boch.fr/'
Vin malin,'https://www.vin-malin.fr/'
Vinatis,'https://www.vinatis.com/'
Vinci Autoroute,'http://www.vinci-autoroutes.com/'
Virgin Mobile,'http://www.virginmobile.fr/'
Vinted,'https://www.vinted.fr/'
VIP Jardin,'http://www.vip-jardin.com/'
Virtuo,'https://www.govirtuo.com/fr'
Visiondirect,'http://www.visiondirect.fr/'
Vistaprint,'http://www.vistaprint.fr/'
VisioNet,'https://www.visio-net.fr/'
Vitalco,'http://www.vitalco.com/'
Vizeat,'https://fr.vizeat.com/'
Vitazita,'https://fr.vitazita.com/fr/'
Vo Shoes,'http://www.voshoes.com/'
Vitrine magique,'http://www.vitrinemagique.com/'
VosBijoux,'http://www.vosbijoux.fr/'
Voga,'http://www.voga.com/fr/'
Volotea,'http://www.volotea.com/fr/'
Vous Etes Bien Urbain,'https://fr.wikipedia.org/wiki/Urbain'
Voyages SNCF,'http://www.voyages-sncf.com/'
Voyage privé,'https://www.voyage-prive.com/'
Vueling,'http://www.vueling.com/fr'
VVF Villages,'http://www.vvf-villages.fr/'
Wanimo,'http://www.wanimo.com/'
Wasted,'http://wasted.fr/'
Watch shop,'http://www.watchshop.fr/'
Watco,'http://www.watco.fr/'
Webdealauto,'http://www.webdealauto.com/'
Webdistrib,'https://www.webdistrib.com/'
Webskishop,'http://webskishop.com/'
WeCab,'https://www.wecab.com/'
Wecook,'https://www.wecook.fr/'
Weekendesk,'http://www.weekendesk.com/'
Weight Watchers,'https://www.weightwatchers.com/fr/'
Wercy,'http://wercy.fr/'
Welcome Office,'http://www.welcomeoffice.com/'
Wellindal,'http://www.wellindal.fr/'
Western Flyer,'https://www.westernflyer.fr/'
Western union,'https://www.westernunion.com/fr/fr/accueil.html'
Who’s who,'http://www.sth.nhs.uk/about-us/council-of-governors/whos-who'
Westwing,'https://www.westwing.fr/'
Wiggle,'http://www.wiggle.fr/'
Willemse,'http://www.willemsefrance.fr/'
Wimdu,'http://www.wimdu.fr/'
Winamax,'https://www.winamax.fr/'
Winaretta,'http://www.winaretta.com/'
WomanCorner,'http://www.womancorner.com/'
Wineandco,'http://www.wineandco.com/'
Wiplii,'https://www.wiplii.com/fr/'
Witt,'http://www.wittinternational.fr/'
WOMB Concept,'http://www.wombconcept.com/'
Wonderbra,'http://www.wonderbra.fr/'
Wonderbox,'http://www.wonderbox.fr/'
Woodbrass,'https://www.woodbrass.com/'
Wool Overs,'https://www.woolovers.fr/'
Woolrich,'http://www.woolrich.com/'
Woodify,'https://woodify.eu/fr/'
Wooop,'https://wooop.fr/'
Wordans,'https://www.wordans.fr/'
Xanlite,'http://www.xanlite.com/fr/'
XL Airways,'http://www.xl.com/'
Xtenex,'http://www.xtenex.fr/'
Y.A.S,'http://www.y-a-s.com/fr/fr/home'
Yakarouler,'http://www.yakarouler.com/'
Yelloh village,'http://www.yellohvillage.fr/'
YellowKorner,'http://www.yellowkorner.com/'
Yetirace,'http://www.yetirace.fr/'
Yoins,'http://www.yoins.com/fr/'
Yonis Shop,'https://www.yonis-shop.com/'
YourSurprise,'http://www.yoursurprise.fr/'
Yves Ponroy,'https://www.ponroy.com/'
Yoox,'http://www.yoox.com/fr/femme'
Youdrive,'https://www.youdrive.fr/?lang=fr'
Youboox,'http://youboox.fr/'
Zaful,'http://www.zaful.com/'
Yves Saint Laurent,'http://www.ysl.com/fr'
Zago,'http://www.zago-store.com/'
Zalando privé,'http://www.zalando-prive.fr/'
Zalando,'https://www.zalando.fr/'
Zapals,'https://www.zapals.com/'
Zapa,'http://www.zapa.fr/fr_fr/'
Zara,'http://www.zara.com/fr/'
Zara Home,'http://www.zarahome.com/fr/'
Zavvi,'http://fr.zavvi.com/home.dept'
Zendart Design,'http://www.zendart-design.fr/'
Zazzle,'https://www.zazzle.fr/'
Zensoon,'https://www.treatwell.fr/'
Zephyr,'https://fr.wikipedia.org/wiki/Z%C3%A9phyr'
Zeturf,'http://www.zeturf.be/'
Zipcar,'https://www.zipcar.fr/'
Zive,'https://www.zive.fr/'
Zoomalia,'http://www.zoomalia.com/'
Zoombits,'https://www.zoombits.fr/'
Zooplus,'http://www.zooplus.fr/'
Zooroyal,'http://www.zooroyal.fr/'
Zor,'https://zor.com/'
